LOCATION,INDICATOR,SUBJECT,MEASURE,FREQUENCY,TIME,Value
AUS,TEACHINGHR,LOWSRY_TEACHING,HR_WEEK,A,2013,18.6
CZE,TEACHINGHR,LOWSRY_TEACHING,HR_WEEK,A,2013,17.8
DNK,TEACHINGHR,LOWSRY_TEACHING,HR_WEEK,A,2013,18.9
FIN,TEACHINGHR,LOWSRY_TEACHING,HR_WEEK,A,2013,20.6
FRA,TEACHINGHR,LOWSRY_TEACHING,HR_WEEK,A,2013,18.6
ISL,TEACHINGHR,LOWSRY_TEACHING,HR_WEEK,A,2013,19
ITA,TEACHINGHR,LOWSRY_TEACHING,HR_WEEK,A,2013,17.3
JPN,TEACHINGHR,LOWSRY_TEACHING,HR_WEEK,A,2013,17.7
KOR,TEACHINGHR,LOWSRY_TEACHING,HR_WEEK,A,2013,18.8
MEX,TEACHINGHR,LOWSRY_TEACHING,HR_WEEK,A,2013,22.7
NLD,TEACHINGHR,LOWSRY_TEACHING,HR_WEEK,A,2013,16.9
NOR,TEACHINGHR,LOWSRY_TEACHING,HR_WEEK,A,2013,15
POL,TEACHINGHR,LOWSRY_TEACHING,HR_WEEK,A,2013,18.6
PRT,TEACHINGHR,LOWSRY_TEACHING,HR_WEEK,A,2013,20.8
SVK,TEACHINGHR,LOWSRY_TEACHING,HR_WEEK,A,2013,19.9
ESP,TEACHINGHR,LOWSRY_TEACHING,HR_WEEK,A,2013,18.6
SWE,TEACHINGHR,LOWSRY_TEACHING,HR_WEEK,A,2013,17.6
BRA,TEACHINGHR,LOWSRY_TEACHING,HR_WEEK,A,2013,25.4
BGR,TEACHINGHR,LOWSRY_TEACHING,HR_WEEK,A,2013,18.4
CHL,TEACHINGHR,LOWSRY_TEACHING,HR_WEEK,A,2013,26.7
HRV,TEACHINGHR,LOWSRY_TEACHING,HR_WEEK,A,2013,19.6
EST,TEACHINGHR,LOWSRY_TEACHING,HR_WEEK,A,2013,20.9
ISR,TEACHINGHR,LOWSRY_TEACHING,HR_WEEK,A,2013,18.3
LVA,TEACHINGHR,LOWSRY_TEACHING,HR_WEEK,A,2013,19.2
MYS,TEACHINGHR,LOWSRY_TEACHING,HR_WEEK,A,2013,17.1
ROU,TEACHINGHR,LOWSRY_TEACHING,HR_WEEK,A,2013,16.2
SGP,TEACHINGHR,LOWSRY_TEACHING,HR_WEEK,A,2013,17.1
SRB,TEACHINGHR,LOWSRY_TEACHING,HR_WEEK,A,2013,18.4
OAVG,TEACHINGHR,LOWSRY_TEACHING,HR_WEEK,A,2013,19.2
NZL,TEACHINGHR,LOWSRY_TEACHING,HR_WEEK,A,2013,18
GEO,TEACHINGHR,LOWSRY_TEACHING,HR_WEEK,A,2013,15.8
RUS,TEACHINGHR,LOWSRY_TEACHING,HR_WEEK,A,2013,23.6
