LOCATION,INDICATOR,SUBJECT,MEASURE,FREQUENCY,TIME,Value
AUS,PISAREAD,TOT,MEANSCORE,A,2015,503
CZE,PISAREAD,TOT,MEANSCORE,A,2015,487
DNK,PISAREAD,TOT,MEANSCORE,A,2015,500
FIN,PISAREAD,TOT,MEANSCORE,A,2015,526
FRA,PISAREAD,TOT,MEANSCORE,A,2015,499
ISL,PISAREAD,TOT,MEANSCORE,A,2015,482
ITA,PISAREAD,TOT,MEANSCORE,A,2015,485
JPN,PISAREAD,TOT,MEANSCORE,A,2015,516
KOR,PISAREAD,TOT,MEANSCORE,A,2015,517
MEX,PISAREAD,TOT,MEANSCORE,A,2015,423
NLD,PISAREAD,TOT,MEANSCORE,A,2015,503
NZL,PISAREAD,TOT,MEANSCORE,A,2015,509
NOR,PISAREAD,TOT,MEANSCORE,A,2015,513
POL,PISAREAD,TOT,MEANSCORE,A,2015,506
PRT,PISAREAD,TOT,MEANSCORE,A,2015,498
SVK,PISAREAD,TOT,MEANSCORE,A,2015,453
ESP,PISAREAD,TOT,MEANSCORE,A,2015,496
SWE,PISAREAD,TOT,MEANSCORE,A,2015,500
BRA,PISAREAD,TOT,MEANSCORE,A,2015,407
CHL,PISAREAD,TOT,MEANSCORE,A,2015,459
EST,PISAREAD,TOT,MEANSCORE,A,2015,519
ISR,PISAREAD,TOT,MEANSCORE,A,2015,479
LVA,PISAREAD,TOT,MEANSCORE,A,2015,488
RUS,PISAREAD,TOT,MEANSCORE,A,2015,495
SVN,PISAREAD,TOT,MEANSCORE,A,2015,505
OAVG,PISAREAD,TOT,MEANSCORE,A,2015,493
SGP,PISAREAD,TOT,MEANSCORE,A,2015,535
